<?xml version="1.0" encoding="UTF-8"?>
<project-private xmlns="http://www.netbeans.org/ns/project-private/1">
    <editor-bookmarks xmlns="http://www.netbeans.org/ns/editor-bookmarks/2" lastBookmarkId="0"/>
    <open-files xmlns="http://www.netbeans.org/ns/projectui-open-files/2">
        <group>
            <file>file:/C:/Users/asus/OneDrive/Documents/NetBeansProjects/blood%20bank%20management%20system/src/addNewDonor.java</file>
            <file>file:/C:/Users/asus/OneDrive/Documents/NetBeansProjects/blood%20bank%20management%20system/src/login.java</file>
            <file>file:/C:/Users/asus/OneDrive/Documents/NetBeansProjects/blood%20bank%20management%20system/src/blood/bank/management/system/BloodBankManagementSystem.java</file>
        </group>
    </open-files>
</project-private>
